timestamp,vx_input,vy_input,vz_input,yaw_rate,vx,vy,vz,image_file
753.234,0.00047621783,0.01651391,-0.15854876,0.0003236282,0.0,0.0,1.5,iter1_753.234000_0.png
753.237,0.00047621783,0.01651391,-0.15854876,0.0003236282,0.0,0.0,1.5,iter1_753.237000_1.png
753.298,0.00095582433,0.015324842,-0.15921345,0.0047428133,0.0,0.0,1.5,iter1_753.298000_2.png
753.399,-0.00088524073,0.015024811,-0.1594075,0.00013802339,0.0,0.0,1.5,iter1_753.399000_3.png
753.5,0.00012031561,0.01658971,-0.15677336,-0.0028516862,0.0,0.0,1.5,iter1_753.500000_4.png
753.601,0.003831683,0.016154494,-0.15687563,-0.0016432833,0.0,0.0,1.5,iter1_753.601000_5.png
753.7,0.00336232,0.017729476,-0.15714897,0.0011810688,0.0,0.0,1.5,iter1_753.700000_6.png
753.8,0.0037487368,0.017268956,-0.16025047,-0.0018522968,0.0,0.0,1.5,iter1_753.800000_7.png
753.899,0.0012820348,0.019201979,-0.15886554,-0.0039807865,0.0,0.0,1.5,iter1_753.899000_8.png
753.999,-0.00044319418,0.018260563,-0.15983571,-3.5720957e-05,0.0,0.0,1.5,iter1_753.999000_9.png
754.1,-0.0018439401,0.019916704,-0.16281359,-0.0087281745,0.0,0.0,1.5,iter1_754.100000_10.png
754.2,-0.0017579761,0.019325487,-0.16539744,0.003724273,0.0,0.0,1.5,iter1_754.200000_11.png
754.299,-0.002630972,0.017981384,-0.16466986,-0.001707546,0.0,0.0,1.5,iter1_754.299000_12.png
754.4,-0.0028701124,0.017734412,-0.16422035,0.0013492932,0.0,0.0,1.5,iter1_754.400000_13.png
754.501,-0.0014603798,0.018559681,-0.16597055,0.00072095916,0.0,0.0,1.5,iter1_754.501000_14.png
754.6,-0.0018342561,0.017736154,-0.16676058,0.0037678345,0.0,0.0,1.5,iter1_754.600000_15.png
754.699,0.0010410026,0.016990494,-0.1639673,-0.00253328,0.0,0.0,1.5,iter1_754.699000_16.png
754.799,0.0018479193,0.014982054,-0.16050173,0.0006412222,0.0,0.0,1.5,iter1_754.799000_17.png
754.9,0.0010968681,0.013306951,-0.16004783,0.00051858055,0.0,0.0,1.5,iter1_754.900000_18.png
755.0,0.0015219596,0.0139326155,-0.16215326,-0.0004220908,0.0,0.0,1.5,iter1_755.000000_19.png
755.099,0.0021605208,0.013489836,-0.16140233,4.1604864e-05,0.0,0.0,1.5,iter1_755.099000_20.png
755.201,0.0010365769,0.016872745,-0.16118924,0.0014521495,0.0,0.0,1.5,iter1_755.201000_21.png
755.301,0.00062453025,0.018374749,-0.1611486,0.0033442467,0.0,0.0,1.5,iter1_755.301000_22.png
755.402,-0.0063341316,0.016326632,-0.124545164,0.0018505309,0.0,0.0,1.5,iter1_755.402000_23.png
755.503,-0.018814791,0.011359199,-0.08127522,0.0015772514,0.0,0.0,1.5,iter1_755.503000_24.png
755.632,-0.05454323,-0.004923211,-0.01847478,-0.0011506983,0.0,0.0,1.5,iter1_755.632000_25.png
755.715,-0.073061705,-0.014883065,0.017039532,-8.2019054e-05,0.0,0.0,1.5,iter1_755.715000_26.png
755.801,-0.100737214,-0.02891802,0.077267356,-0.0007411651,0.0,0.0,1.5,iter1_755.801000_27.png
755.9,-0.11446674,-0.038884405,0.13786657,0.0006565389,0.0,0.0,1.5,iter1_755.900000_28.png
756.0,-0.120337464,-0.0443116,0.20004836,-0.0025893035,0.0,0.0,1.5,iter1_756.000000_29.png
756.1,-0.123075016,-0.046692166,0.2531515,0.0030352748,0.0,0.0,1.5,iter1_756.100000_30.png
756.2,-0.121846795,-0.04559,0.31059843,0.0042463727,0.0,0.0,1.4742786,iter1_756.200000_31.png
756.301,-0.12106136,-0.045720376,0.35601538,0.005360124,0.0,0.0,1.4353089,iter1_756.301000_32.png
756.4,-0.1189674,-0.04355969,0.3830333,0.0052847858,0.0,0.0,1.3870331,iter1_756.400000_33.png
756.5,-0.11635459,-0.040643636,0.39400175,-0.0016312486,0.0,0.0,1.34077,iter1_756.500000_34.png
756.6,-0.11150132,-0.038101315,0.39902717,-0.0016252014,0.0,0.0,1.299614,iter1_756.600000_35.png
756.702,-0.108811274,-0.03786124,0.4034233,-0.0024316995,0.0,0.0,1.2523712,iter1_756.702000_36.png
756.801,-0.10664471,-0.03594275,0.40120476,0.0050800066,0.0,0.0,1.1982825,iter1_756.801000_37.png
756.899,-0.10325407,-0.035521135,0.38889167,-0.009700635,0.0,0.0,1.1530486,iter1_756.899000_38.png
757.0,0.15711784,-0.21383496,0.25193316,-0.005495621,0.0,0.0,1.1137327,iter1_757.000000_39.png
757.101,0.16744885,-0.2627159,0.30025244,0.02473289,0.0,0.0,1.0777794,iter1_757.101000_40.png
757.201,0.15393314,-0.23052135,0.3120025,-0.007799209,0.0,0.0,1.0329691,iter1_757.201000_41.png
757.301,0.17126763,-0.15855049,0.33479354,-0.02788922,0.0,0.0,0.9940259,iter1_757.301000_42.png
757.399,0.17929658,-0.062420104,0.3029534,-0.0092312815,0.0,0.0,0.95482135,iter1_757.399000_43.png
757.5,0.1472189,-0.025613874,0.30163628,-0.008668496,0.0,0.0,0.9137234,iter1_757.500000_44.png
757.598,0.12743767,-0.009264784,0.22744748,-0.004825464,0.0,0.0,0.5779575,iter1_757.598000_45.png
757.699,0.1031858,-0.0369854,0.1190263,-0.0048744557,0.0,0.0,0.55736816,iter1_757.699000_46.png
757.799,0.11705174,-0.026732069,0.04835896,-0.002805918,0.0,0.0,0.54424155,iter1_757.799000_47.png
757.9,0.101829596,-0.029162303,0.024942407,0.0021335767,0.0,0.0,0.5297936,iter1_757.900000_48.png
757.998,0.10027881,-0.07227488,-0.021707868,0.0057433327,0.0,0.0,0.5126508,iter1_757.998000_49.png
758.101,0.10265606,-0.06804,-0.028563024,-0.0062688338,0.0,0.0,0.502733,iter1_758.101000_50.png
758.2,0.09501958,-0.069888346,-0.028739618,0.0057442356,0.0,0.0,0.49540418,iter1_758.200000_51.png
758.303,0.10312976,-0.06960402,-0.027881753,0.004396821,0.0,0.0,0.4841671,iter1_758.303000_52.png
758.403,0.089182265,-0.049399152,-0.007458782,-0.0021444985,0.0,0.0,0.4698766,iter1_758.403000_53.png
758.5,0.08286782,-0.024886252,-0.0064434824,-0.001160788,0.0,0.0,0.45959488,iter1_758.500000_54.png
758.625,0.07545811,-0.016708009,0.0038024322,-0.0016598115,0.0,0.0,0.44922408,iter1_758.625000_55.png
758.721,0.06448059,-0.020977812,0.01833117,-0.0040742615,0.0,0.0,0.43317604,iter1_758.721000_56.png
758.799,0.059707124,-0.015459815,0.024321621,0.00077847,0.0,0.0,0.42214435,iter1_758.799000_57.png
758.9,0.05385859,-0.010826167,0.02643227,-0.0045870855,0.0,0.0,0.41038617,iter1_758.900000_58.png
759.0,0.049989194,0.0284886,0.03363047,-0.006300572,0.0,0.0,0.40068632,iter1_759.000000_59.png
759.098,0.044732276,0.05746477,0.050256312,-0.0071677817,0.0,0.0,0.3861987,iter1_759.098000_60.png
759.2,0.037695203,0.06810801,0.06400612,-0.0022903725,0.0,0.0,0.36688608,iter1_759.200000_61.png
759.301,0.030567316,0.06424885,0.07671319,0.0021681513,0.0,0.0,0.3462749,iter1_759.301000_62.png
759.4,0.023814375,0.056184113,0.08196676,0.0011298317,0.0,0.0,0.32286346,iter1_759.400000_63.png
759.502,0.0186364,0.048640348,0.08060863,0.0029094724,0.0,0.0,0.30604535,iter1_759.502000_64.png
759.599,0.016450673,0.04219478,0.07790026,-0.0015079934,0.0,0.0,0.2915929,iter1_759.599000_65.png
759.699,0.014181167,0.03751468,0.07884884,0.0025850828,0.0,0.0,0.27452666,iter1_759.699000_66.png
759.801,0.010956058,0.031879645,0.07217378,-0.0014779378,0.0,0.0,0.2541629,iter1_759.801000_67.png
759.901,0.0028948095,0.026751844,0.06433648,0.0001593654,0.0,0.0,0.2398427,iter1_759.901000_68.png
760.001,-0.00482801,0.024663674,0.059000682,0.0032202946,0.0,0.0,0.22790858,iter1_760.001000_69.png
760.101,-0.014785526,0.02218877,0.059431456,-0.0021300868,0.0,0.0,0.21242595,iter1_760.101000_70.png
760.201,-0.022306465,0.01936388,0.056357864,-0.0013733464,0.0,0.0,0.19332404,iter1_760.201000_71.png
760.303,-0.02997822,0.017934792,0.044574793,-0.002755796,0.0,0.0,0.17997494,iter1_760.303000_72.png
760.399,-0.010589409,-0.015601195,0.031015446,-0.0041200262,0.0,0.0,0.16923845,iter1_760.399000_73.png
760.501,-0.018685833,-0.018323077,0.034386016,0.002206837,0.0,0.0,0.15520462,iter1_760.501000_74.png
760.601,-0.0054583773,-0.010423465,0.016896073,0.008604273,0.0,0.0,0.13769217,iter1_760.601000_75.png
760.705,-0.009093814,0.015758822,0.002062853,-0.0032545675,0.0,0.0,0.12666234,iter1_760.705000_76.png
760.8,-0.011378392,0.02812744,-0.015197597,0.0021999558,0.0,0.0,0.118835166,iter1_760.800000_77.png
760.903,-0.015707089,0.005498915,-0.02262226,-0.0021206269,0.0,0.0,0.107743695,iter1_760.903000_78.png
761.004,-0.020634409,-0.02247628,-0.025723532,-0.0002739844,0.0,0.0,0.0937382,iter1_761.004000_79.png
761.103,-0.021001045,-0.024167547,-0.03155039,0.0019813245,0.0,0.0,0.08481252,iter1_761.103000_80.png
761.198,-0.027286483,-0.029584423,-0.035739068,0.0021754252,0.0,0.0,0.078729704,iter1_761.198000_81.png
761.304,-0.03075621,-0.032345317,-0.031356137,0.0038100758,0.0,0.0,0.068115376,iter1_761.304000_82.png
761.402,-0.033903986,-0.053721566,-0.028237646,-0.0007630268,0.0,0.0,0.05365584,iter1_761.402000_83.png
761.503,-0.03649207,-0.050250705,-0.029983561,-0.003942394,0.0,0.0,0.0,iter1_761.503000_84.png
761.622,-0.015890779,-0.0339476,0.0831201,-0.0066752136,0.8988813,-0.004676298,0.28689197,iter1_761.622000_85.png
761.724,0.07057572,-0.026597448,0.17406765,-0.0105913095,0.98453873,0.09111656,0.24262564,iter1_761.724000_86.png
761.802,0.14990433,-0.021314086,0.17431596,-0.0026846784,0.98475605,0.09198693,0.20308632,iter1_761.802000_87.png
761.902,0.27582988,-0.01172891,0.14230636,0.008310132,0.8997923,-0.00052659685,0.121871054,iter1_761.902000_88.png
762.001,0.39220127,-0.0017235037,0.08656728,-0.0054530157,0.8999313,0.00045109112,0.06848877,iter1_762.001000_89.png
762.102,0.4614128,0.0037377256,0.04839729,-0.0031181383,0.8999874,0.0011029826,0.020378118,iter1_762.102000_90.png
762.201,0.5085212,0.0071598627,0.010357982,0.0017577956,0.89997184,0.0015649516,-0.0062299,iter1_762.201000_91.png
762.302,0.5443615,0.009443562,-0.017014032,-0.0038275027,0.8999012,0.0018273282,-0.013074246,iter1_762.302000_92.png
762.402,0.58061314,0.010886999,-0.034881208,-0.0034379868,0.8998297,0.0019298149,-0.017346496,iter1_762.402000_93.png
762.504,0.612814,0.012719905,-0.04120846,-0.0019705275,0.8997294,0.001841314,-0.021837767,iter1_762.504000_94.png
762.601,0.64152676,0.014116325,-0.048115708,-0.0074007795,0.8995112,0.0014486295,-0.02950603,iter1_762.601000_95.png
762.7,0.6646036,0.015621162,-0.055386245,0.0014878992,0.89930356,0.0009854235,-0.035344753,iter1_762.700000_96.png
762.8,0.6826744,0.016088529,-0.06470005,-0.00044397678,0.89914435,0.00047430082,-0.03920906,iter1_762.800000_97.png
762.902,0.7016916,0.017228233,-0.06566712,0.0044635828,0.89893657,-0.00017614239,-0.04365454,iter1_762.902000_98.png
763.001,0.7154045,0.017421568,-0.07146342,0.002849707,0.8985079,-0.0011298463,-0.051713943,iter1_763.001000_99.png
763.102,0.7265327,0.015455479,-0.081937686,0.0035947834,0.8981242,-0.0020929528,-0.058009267,iter1_763.102000_100.png
763.201,0.73562616,0.016493743,-0.09114493,0.0041780174,0.89784557,-0.0029715437,-0.06214834,iter1_763.201000_101.png
763.303,0.7462827,0.01439849,-0.09303112,-0.0047966633,0.8816742,0.009515978,-0.067721166,iter1_763.303000_102.png
763.403,0.75268227,0.013567848,-0.10038125,0.007258588,0.84542346,0.040286474,-0.07847899,iter1_763.403000_103.png
763.5,0.7566953,0.015949855,-0.11261515,0.0011415242,0.792241,0.08835927,-0.08695747,iter1_763.500000_104.png
763.6,0.75224257,0.023482177,-0.1205032,0.0008471898,0.7020244,0.1708997,-0.088795014,iter1_763.600000_105.png
763.702,0.7430142,0.03520437,-0.123257615,0.004211804,0.66469836,0.20415959,-0.09729598,iter1_763.702000_106.png
763.801,0.7254413,0.05547675,-0.13351636,-0.0053566704,0.60877204,0.2551892,-0.10692974,iter1_763.801000_107.png
763.9,0.6989663,0.080244675,-0.14704797,0.0025477035,0.55368936,0.30594274,-0.11419816,iter1_763.900000_108.png
764.017,0.6641507,0.11249102,-0.1566033,0.0031684176,0.48120558,0.37449735,-0.119406834,iter1_764.017000_109.png
764.117,0.6350652,0.14312908,-0.15852177,-0.0015319263,0.44982067,0.40369952,-0.12664002,iter1_764.117000_110.png
764.2,0.6033755,0.17636186,-0.1632839,0.00523698,0.44072285,0.41232803,-0.13291653,iter1_764.200000_111.png
764.301,0.57014805,0.20870891,-0.17562148,-0.0018074865,0.4250389,0.4271975,-0.14145657,iter1_764.301000_112.png
764.4,0.53538436,0.24195601,-0.18854785,-0.00083275785,0.42029864,0.4308995,-0.1475329,iter1_764.400000_113.png
764.498,0.5117559,0.2687368,-0.19241458,0.0020254732,0.43218976,0.41409895,-0.14710426,iter1_764.498000_114.png
764.6,0.48790985,0.29188323,-0.19703673,-0.0020630097,0.45339108,0.3868924,-0.14908972,iter1_764.600000_115.png
764.7,0.46896458,0.30891138,-0.20518148,-0.003721277,0.49456206,0.33927736,-0.18376599,iter1_764.700000_116.png
764.799,0.45504794,0.31825805,-0.22567344,-0.008603493,0.69321585,0.09381705,-0.1707958,iter1_764.799000_117.png
764.901,0.46050078,0.3120208,-0.22207983,-0.0128669385,0.792812,-0.042816617,-0.17097387,iter1_764.901000_118.png
765.001,0.48584512,0.27904192,-0.21703993,-0.01914903,0.8685003,-0.16337071,-0.17005321,iter1_765.001000_119.png
765.101,0.5275212,0.22540426,-0.21836506,-0.017679565,0.8622752,-0.18947884,-0.1746516,iter1_765.101000_120.png
765.199,0.5755434,0.15513694,-0.22413592,-0.0075973463,0.8560959,-0.21512754,-0.17530541,iter1_765.199000_121.png
765.3,0.6152425,0.09886134,-0.22391692,-0.0008916958,0.84893876,-0.24028808,-0.17740503,iter1_765.300000_122.png
765.4,0.64680547,0.04635026,-0.23018457,0.004504105,0.8890955,0.13830869,-0.019482328,iter1_765.400000_123.png
765.501,0.67254615,0.016677491,-0.1323497,0.030042836,0.88903195,0.13880438,-0.018839972,iter1_765.501000_124.png
765.599,0.69406396,0.01376944,-0.058892198,0.02037825,0.8888278,0.14015742,-0.01844863,iter1_765.599000_125.png
765.698,0.71179825,0.036060747,-0.035918344,0.006799888,0.88857216,0.14156263,-0.019941207,iter1_765.698000_126.png
765.8,0.7282082,0.06355487,-0.027061982,0.00053471467,0.8883812,0.14214945,-0.023879444,iter1_765.800000_127.png
765.901,0.7418868,0.08252593,-0.029794792,-0.007227799,0.88823694,0.14247553,-0.027105696,iter1_765.901000_128.png
766.003,0.7531252,0.098170824,-0.03639333,-0.0048090853,0.8834641,0.14030284,-0.029559279,iter1_766.003000_129.png
766.101,0.7637835,0.10346351,-0.034337137,9.4667535e-05,0.8582635,0.12751779,-0.033269756,iter1_766.101000_130.png
766.2,0.77380675,0.10877416,-0.037421267,0.0016627929,0.8000557,0.097299,-0.036335688,iter1_766.200000_131.png
766.299,0.77275586,0.109587766,-0.042723116,0.005376297,0.74521685,0.06865704,-0.04049118,iter1_766.299000_132.png
766.42,0.7639758,0.10644641,-0.052253325,0.0026244975,0.67136693,0.031079493,-0.048743263,iter1_766.420000_133.png
766.505,0.7535247,0.1030558,-0.054660246,-9.3978895e-05,0.5724095,0.04559807,-0.05486628,iter1_766.505000_134.png
766.599,0.7308948,0.09318165,-0.061107226,-0.0012182223,0.58326536,-0.013509463,-0.05559126,iter1_766.599000_135.png
766.699,0.7048905,0.08211962,-0.06432792,0.002293228,0.49906516,-0.05776726,-0.05658454,iter1_766.699000_136.png
766.8,0.6680365,0.06731965,-0.07052771,-0.005089755,0.44593123,-0.08555271,-0.05966518,iter1_766.800000_137.png
766.901,0.63769335,0.053223863,-0.07256851,-0.00063953514,0.40803814,-0.10614719,-0.062232576,iter1_766.901000_138.png
767.001,0.5998078,0.032914415,-0.077533096,-0.0016672125,0.3519608,-0.13991545,-0.06957559,iter1_767.001000_139.png
767.1,0.5628202,0.011438012,-0.08449923,-0.0025355283,0.3206763,-0.15802297,-0.07299691,iter1_767.100000_140.png
767.201,0.52037543,-0.010070355,-0.09027625,0.0016759761,0.2829264,-0.18453583,-0.07907052,iter1_767.201000_141.png
767.301,0.4862403,-0.03233725,-0.09312577,-0.00070283643,0.26565096,-0.19609892,-0.07911129,iter1_767.301000_142.png
767.399,0.45117593,-0.05767149,-0.097269565,0.002319544,0.24485058,-0.21394904,-0.088379934,iter1_767.399000_143.png
767.5,0.42025578,-0.07865139,-0.10471846,-0.00052523357,0.24095927,-0.2218085,-0.081061155,iter1_767.500000_144.png
767.599,0.38652465,-0.101126045,-0.10511521,-0.0043609473,0.23226449,-0.23066501,-0.09000378,iter1_767.599000_145.png
767.7,0.36241388,-0.1179315,-0.107200004,0.0045665465,0.2349837,-0.23523322,-0.10104339,iter1_767.700000_146.png
767.8,0.34080324,-0.1356917,-0.11673777,-0.006151803,0.2983604,-0.32744965,-0.09684956,iter1_767.800000_147.png
767.9,0.3250683,-0.1525108,-0.11690578,-0.006456411,0.27876103,-0.2122076,-0.097052366,iter1_767.900000_148.png
768.001,0.31328553,-0.16829716,-0.117538534,-0.0009593317,0.31610188,-0.18587647,-0.09082539,iter1_768.001000_149.png
768.101,0.3086114,-0.17843388,-0.11380632,0.0021632123,0.6002683,0.013208908,-0.08814094,iter1_768.101000_150.png
768.199,0.319185,-0.17110057,-0.095634334,0.012933193,0.87037534,0.2106765,-0.08971957,iter1_768.199000_151.png
768.299,0.3595519,-0.14206475,-0.089183375,0.015347281,0.867984,0.219385,-0.09200599,iter1_768.299000_152.png
768.4,0.42918804,-0.08953873,-0.09610587,0.0020207614,0.8657616,0.22752282,-0.09317302,iter1_768.400000_153.png
768.5,0.5001808,-0.038274743,-0.100931615,0.004463952,0.8635275,0.2352143,-0.09478778,iter1_768.500000_154.png
768.601,0.5617152,0.010438928,-0.10640835,0.0030846174,0.8609387,0.24292754,-0.09879765,iter1_768.601000_155.png
768.702,0.60634995,0.045471422,-0.11386405,-0.007978626,0.85872966,0.24960218,-0.101375245,iter1_768.702000_156.png
768.801,0.64077914,0.075500004,-0.118070565,0.0017565966,0.85692656,0.25530386,-0.10243122,iter1_768.801000_157.png
768.901,0.6620538,0.09775875,-0.11843723,-0.0012891975,0.85513353,0.2606056,-0.10404261,iter1_768.901000_158.png
768.999,0.6833381,0.12022085,-0.12014641,-0.0021824902,0.85291344,0.26604158,-0.10841538,iter1_768.999000_159.png
769.102,0.7022548,0.13835032,-0.12434469,-0.004353732,0.851019,0.27083987,-0.11139513,iter1_769.102000_160.png
769.202,0.71978253,0.15696536,-0.13168612,0.0027510293,0.8494872,0.27502245,-0.112832256,iter1_769.202000_161.png
769.301,0.73136157,0.17028403,-0.1337382,-0.0027816165,0.8480509,0.27868304,-0.11463478,iter1_769.301000_162.png
769.412,0.7413189,0.18238,-0.13787884,-0.0071090413,0.8463874,0.28178635,-0.1192497,iter1_769.412000_163.png
769.508,0.7512831,0.19499208,-0.14403649,-0.0036399013,0.84498847,0.2846257,-0.12239475,iter1_769.508000_164.png
769.601,0.75839114,0.20742178,-0.14713377,-0.0015221318,0.843857,0.2873155,-0.12390953,iter1_769.601000_165.png
769.699,0.7650303,0.21836016,-0.14661536,-0.001095243,0.84291166,0.2892333,-0.12585719,iter1_769.699000_166.png
769.799,0.77003807,0.2267208,-0.15121445,0.0019115896,0.84175396,0.2902322,-0.13119233,iter1_769.799000_167.png
769.899,0.774804,0.23204823,-0.15789907,-0.00076394825,0.82783717,0.289479,-0.13476834,iter1_769.899000_168.png
769.999,0.7793716,0.23985761,-0.16300187,0.00015589323,0.72332984,0.21749349,-0.13992964,iter1_769.999000_169.png
770.1,0.7771378,0.24419631,-0.16642825,-0.002759227,0.72762287,0.27775744,-0.14272521,iter1_770.100000_170.png
770.2,0.7649283,0.24542598,-0.1729849,-0.001950837,0.6997369,0.27268827,-0.1488759,iter1_770.200000_171.png
770.3,0.7491705,0.24581005,-0.17941602,0.0035209775,0.6116565,0.2608196,-0.14681618,iter1_770.300000_172.png
770.401,0.7285455,0.24711956,-0.18240532,0.0001568271,0.54740846,0.25268748,-0.14835727,iter1_770.401000_173.png
770.5,0.7029721,0.25180614,-0.18267278,0.00031740926,0.48293543,0.24311444,-0.15401942,iter1_770.500000_174.png
770.601,0.673184,0.25213322,-0.1874964,-0.005035646,0.4159582,0.20667897,-0.16427085,iter1_770.601000_175.png
770.702,0.6368879,0.24929392,-0.19741008,0.0019343317,0.3059064,0.21824236,-0.16420272,iter1_770.702000_176.png
770.799,0.5922885,0.24462748,-0.20201123,0.0004993049,0.2371424,-0.12583022,-0.05715242,iter1_770.799000_177.png
770.9,0.5432334,0.22697717,-0.13533022,0.0053065512,0.19970535,-0.13178559,-0.047799114,iter1_770.900000_178.png
771.001,0.48506796,0.18786806,-0.08251791,-0.00044524696,0.13154432,-0.14311181,-0.05180276,iter1_771.001000_179.png
771.1,0.4347397,0.13828827,-0.0662823,-0.0028919054,0.08043304,-0.14887942,-0.05301003,iter1_771.100000_180.png
771.2,0.38275066,0.08742876,-0.06253664,-0.0025549305,0.020988991,-0.15591845,-0.055512626,iter1_771.200000_181.png
771.301,0.3345038,0.047154807,-0.05997865,0.0017050416,-0.015408002,-0.16531946,-0.06373627,iter1_771.301000_182.png
771.399,0.2837198,0.01732168,-0.06430531,0.0007114054,-0.064787336,-0.18189044,-0.06274625,iter1_771.399000_183.png
771.499,0.23496531,-0.0061560785,-0.067077935,-0.004300506,-0.09428622,-0.18700151,-0.0671965,iter1_771.499000_184.png
771.601,0.18539706,-0.029673701,-0.07236853,4.20568e-05,-0.11891561,-0.20611416,-0.06522822,iter1_771.601000_185.png
771.699,0.14409478,-0.054102473,-0.07198642,0.0024344353,-0.13826035,-0.21699902,-0.069266625,iter1_771.699000_186.png
771.803,0.10321017,-0.07597742,-0.075822316,-0.0046319496,-0.15409483,-0.22148822,-0.071974896,iter1_771.803000_187.png
771.902,0.06984153,-0.096635714,-0.08173833,0.0023881537,-0.16128221,-0.23756993,-0.07056924,iter1_771.902000_188.png
772.004,0.035503488,-0.11582739,-0.08082701,0.0029977711,-0.16389531,-0.25510815,-0.0699296,iter1_772.004000_189.png
772.1,0.006581744,-0.13373238,-0.073997155,0.0027224433,-0.21374752,-0.33006835,-0.060122985,iter1_772.100000_190.png
772.203,-0.019797599,-0.15456939,-0.069949314,0.002976564,-0.15415543,-0.28511262,-0.07559924,iter1_772.203000_191.png
772.303,-0.04217341,-0.17550124,-0.077875294,0.0031818806,-0.14471576,-0.28991154,-0.07569588,iter1_772.303000_192.png
772.426,-0.06577648,-0.19903797,-0.08212557,-0.001940239,-0.123705976,-0.31467125,-0.073435426,iter1_772.426000_193.png
772.507,-0.07339865,-0.20855519,-0.08145603,-0.0036541072,-0.115237586,-0.31339303,-0.074076556,iter1_772.507000_194.png
772.603,-0.0785305,-0.22249098,-0.08114178,-0.0044513005,-0.1006344,-0.31508997,-0.073720686,iter1_772.603000_195.png
772.702,-0.08050215,-0.23511688,-0.08124775,0.004074784,-0.08661709,-0.32125822,-0.076665774,iter1_772.702000_196.png
772.8,-0.07968892,-0.24735297,-0.08382122,0.0013113408,-0.06361303,-0.3171079,-0.07449386,iter1_772.800000_197.png
772.902,-0.076354146,-0.25597605,-0.08283397,-0.0026714623,-0.04734858,-0.32219058,-0.07633509,iter1_772.902000_198.png
773.005,-0.07292275,-0.26485902,-0.08410934,-0.0011115627,-0.01908796,-0.31444278,-0.07605733,iter1_773.005000_199.png
773.102,-0.06730706,-0.27127075,-0.08453334,0.002932874,-0.004439878,-0.313202,-0.073430814,iter1_773.102000_200.png
773.203,-0.058179997,-0.2756128,-0.08506478,-0.0070498367,0.020593721,-0.3111032,-0.07475685,iter1_773.203000_201.png
773.302,-0.047726765,-0.28588927,-0.08405853,0.0012309343,0.044199325,-0.303994,-0.070787184,iter1_773.302000_202.png
773.403,-0.032084785,-0.28930897,-0.078123465,0.0033758183,0.1280955,-0.21861891,-0.061437987,iter1_773.403000_203.png
773.501,-0.01595596,-0.28695124,-0.07236304,-0.0011780044,0.08965124,-0.28997687,-0.07079573,iter1_773.501000_204.png
773.6,0.0035832466,-0.28075147,-0.075328454,0.00090175046,0.055206936,-0.20152226,-0.06508866,iter1_773.600000_205.png
773.701,0.018333679,-0.27613312,-0.07227592,0.0025545307,0.13730015,-0.27725637,-0.07244573,iter1_773.701000_206.png
773.803,0.032036986,-0.27329412,-0.075230464,-0.0038530834,0.14676978,-0.2738098,-0.070743896,iter1_773.803000_207.png
773.9,0.044046815,-0.27110946,-0.07806907,-0.009113252,0.16282952,-0.2683449,-0.070152745,iter1_773.900000_208.png
774.001,0.06260826,-0.2700939,-0.07992902,0.00015885022,0.19127266,-0.25556508,-0.06824088,iter1_774.001000_209.png
774.101,0.0789203,-0.27241734,-0.07834955,0.00021668033,0.20103866,-0.25440845,-0.069459684,iter1_774.101000_210.png
774.2,0.09866482,-0.27279064,-0.07542108,-0.006208739,0.22145508,-0.24130625,-0.06814376,iter1_774.200000_211.png
774.3,0.114990324,-0.26852393,-0.074725606,6.3483254e-05,0.23416574,-0.23567295,-0.0679904,iter1_774.300000_212.png
774.401,0.13348942,-0.26248518,-0.0753539,-0.0034560298,0.2245475,-0.13936684,-0.069838114,iter1_774.401000_213.png
774.501,0.14577416,-0.25560835,-0.07488497,0.0028013869,0.2718942,-0.21688746,-0.06671202,iter1_774.501000_214.png
774.601,0.1617133,-0.24675524,-0.071515635,-0.007087626,0.27671993,-0.2138694,-0.0670299,iter1_774.601000_215.png
774.701,0.17712389,-0.23694636,-0.07385718,-0.0043131425,0.29627645,-0.20154372,-0.06744302,iter1_774.701000_216.png
774.82,0.19638255,-0.22638084,-0.07327173,0.00022433297,0.29921225,-0.20183986,-0.06629096,iter1_774.820000_217.png
774.898,0.20625655,-0.22517999,-0.06968046,0.0027148286,0.30430368,-0.19632149,-0.06793684,iter1_774.898000_218.png
775.0,0.218503,-0.22378442,-0.07117192,0.002893417,0.32109115,-0.18777785,-0.066347085,iter1_775.000000_219.png
775.1,0.23273084,-0.2214286,-0.070184305,0.0012670787,0.32882175,-0.18320106,-0.06645242,iter1_775.100000_220.png
775.201,0.24569999,-0.21677887,-0.071188726,0.007525391,0.34554866,-0.17296991,-0.06454542,iter1_775.201000_221.png
775.301,0.25677523,-0.2133794,-0.06929465,-0.0054024206,0.6182721,-0.015608438,-0.059055254,iter1_775.301000_222.png
775.4,0.2820612,-0.20044059,-0.051208857,0.012434054,0.8865782,0.14439195,-0.055890072,iter1_775.400000_223.png
775.5,0.32930198,-0.17410849,-0.039710537,0.013627679,0.8854511,0.15079673,-0.05685221,iter1_775.500000_224.png
775.6,0.41088912,-0.1290947,-0.045088146,0.0075423457,0.8843807,0.15670691,-0.05752392,iter1_775.600000_225.png
775.699,0.48926768,-0.08322296,-0.052193902,0.0020304767,0.8833358,0.1621544,-0.05847754,iter1_775.699000_226.png
775.798,0.56119573,-0.042402096,-0.056627363,-0.0028782997,0.88222855,0.16730736,-0.060637843,iter1_775.798000_227.png
775.9,0.6090085,-0.009582307,-0.061290246,-0.0016239771,0.88127106,0.17175424,-0.06212409,iter1_775.900000_228.png
775.999,0.64909333,0.016998576,-0.064530216,-0.0075809537,0.8804758,0.17552856,-0.06284801,iter1_775.999000_229.png
776.101,0.678165,0.03781399,-0.06489778,0.0026083684,0.87975526,0.17877747,-0.0637755,iter1_776.101000_230.png
776.201,0.7034314,0.05708116,-0.066238515,-0.0017991028,0.87899095,0.18166378,-0.06611777,iter1_776.201000_231.png
776.301,0.7243012,0.07168368,-0.07247129,0.0022974324,0.8783968,0.1839828,-0.0675887,iter1_776.301000_232.png
776.403,0.7445054,0.08543753,-0.07239115,-0.0044194865,0.8778824,0.18613705,-0.06836947,iter1_776.403000_233.png
776.499,0.757774,0.10020362,-0.071412414,-0.0026166535,0.8773933,0.18802734,-0.06946325,iter1_776.499000_234.png
776.599,0.7692466,0.11217947,-0.07493904,0.003073279,0.8768675,0.1894763,-0.07211495,iter1_776.599000_235.png
776.699,0.78143394,0.12262302,-0.07954201,0.00013841139,0.8764325,0.19074535,-0.07403627,iter1_776.699000_236.png
776.8,0.79224735,0.13109004,-0.08221436,-0.0014253559,0.87609893,0.19187953,-0.07504747,iter1_776.800000_237.png
776.9,0.8013129,0.13693306,-0.08192557,0.0011660767,0.87581104,0.19269715,-0.076298125,iter1_776.900000_238.png
777.001,0.8083431,0.14217232,-0.08421159,-0.0020362074,0.8755135,0.19290593,-0.07913297,iter1_777.001000_239.png
777.105,0.8133649,0.14511976,-0.0862672,-0.0022028985,0.875266,0.19317085,-0.08120055,iter1_777.105000_240.png
777.201,0.8176826,0.15058443,-0.08904375,-0.0022523582,0.8750687,0.19359139,-0.082318716,iter1_777.201000_241.png
777.3,0.821323,0.15860231,-0.08657259,-0.0038607651,0.8749152,0.19361351,-0.08387523,iter1_777.300000_242.png
777.401,0.82456934,0.16535075,-0.09073798,-0.00035172488,0.8748204,0.19261914,-0.08709191,iter1_777.401000_243.png
777.499,0.82771176,0.17038593,-0.09633762,0.00027209643,0.87477905,0.1916344,-0.08964764,iter1_777.499000_244.png
777.599,0.82846296,0.17206123,-0.100971624,-0.0059420895,0.86376673,0.19248703,-0.091581546,iter1_777.599000_245.png
777.698,0.82848835,0.17316803,-0.10167116,-0.0051384824,0.81048036,0.20018831,-0.09152419,iter1_777.698000_246.png
777.8,0.8272544,0.17452165,-0.104039825,0.0044987733,0.74190694,0.21140845,-0.101641804,iter1_777.800000_247.png
777.899,0.8218168,0.17745826,-0.111436605,-0.00081936945,0.7028379,0.2184499,-0.10005041,iter1_777.899000_248.png
778.0,0.80516803,0.18194263,-0.116155036,-0.0027268087,0.61686,0.23704828,-0.09920965,iter1_778.000000_249.png
778.099,0.78135884,0.18844827,-0.11585068,0.0010741211,0.54662573,0.25358576,-0.10326891,iter1_778.099000_250.png
778.2,0.7487264,0.19636676,-0.12063262,0.005198631,0.46802408,0.27349034,-0.108809166,iter1_778.200000_251.png
778.299,0.7135189,0.20586197,-0.12481283,0.002370814,0.36710396,0.30217996,-0.10884093,iter1_778.299000_252.png
778.399,0.6673109,0.21539222,-0.12713921,0.01429597,0.2633125,0.33926126,-0.1088285,iter1_778.399000_253.png
778.499,0.61779916,0.22734179,-0.12667218,1.157571e-05,0.20121966,0.36617568,-0.107029274,iter1_778.499000_254.png
778.6,0.5585297,0.24379376,-0.1267096,-0.0021033667,0.13492952,0.40198636,-0.11151647,iter1_778.600000_255.png
778.7,0.50134075,0.26402,-0.13006158,-0.00091740536,0.08473489,0.4314281,-0.11603835,iter1_778.700000_256.png
778.798,0.44193742,0.2870137,-0.13444027,-0.004957898,-0.012806998,0.46402457,-0.11622433,iter1_778.798000_257.png
778.899,0.38885045,0.30722228,-0.13508038,-0.0010652461,0.017606616,0.47172275,-0.11906158,iter1_778.899000_258.png
779.0,0.32958996,0.3303235,-0.13567044,0.0047541778,-0.019823167,0.5141958,-0.11630179,iter1_779.000000_259.png
779.098,0.27823684,0.35319808,-0.13560465,-0.0017628924,-0.036763813,0.533704,-0.117051944,iter1_779.098000_260.png
779.2,0.22952476,0.37588945,-0.13611443,-0.0060196836,-0.03691116,0.513329,-0.11350096,iter1_779.200000_261.png
779.299,0.193506,0.39561412,-0.13234442,-0.0011828919,-0.035123967,0.48357067,-0.10804007,iter1_779.299000_262.png
779.399,0.15931892,0.41290778,-0.12640941,0.0058949357,-0.034702387,0.450594,-0.105182536,iter1_779.399000_263.png
779.503,0.13214915,0.42309555,-0.12233343,0.0029891287,-0.028211288,0.55044085,-0.103941284,iter1_779.503000_264.png
779.615,0.1074875,0.4291179,-0.11901203,0.0034607078,-0.021155894,0.52354103,-0.09442495,iter1_779.615000_265.png
779.699,0.09077135,0.43707803,-0.11135248,-0.005736239,-0.1572437,0.6450908,-0.03893857,iter1_779.699000_266.png
779.798,0.07190679,0.45256487,-0.07485431,0.0027276508,-0.04432703,0.8662095,-0.05858163,iter1_779.798000_267.png
779.898,0.05365446,0.48077324,-0.056665935,-0.0061217854,0.034469146,0.79031825,-0.03622936,iter1_779.898000_268.png
779.998,0.03824475,0.52624226,-0.04222166,-0.005170942,0.067671254,0.7768794,-0.029937368,iter1_779.998000_269.png
780.098,0.035231866,0.56939894,-0.030499907,-0.0060883975,0.10692267,0.7597303,-0.028148683,iter1_780.098000_270.png
780.198,0.045596655,0.60539216,-0.026939595,-0.0062232595,0.15155798,0.73730904,-0.028853193,iter1_780.198000_271.png
780.298,0.061960697,0.6274912,-0.025760835,-0.0035591936,0.20214231,0.70706064,-0.029609015,iter1_780.298000_272.png
780.398,0.083605684,0.64063,-0.025605615,0.00085381226,0.2616486,0.6656521,-0.030032147,iter1_780.398000_273.png
780.498,0.1041148,0.6437349,-0.025585735,-0.008122646,0.32165307,0.62092286,-0.02948825,iter1_780.498000_274.png
780.599,0.13158303,0.64039373,-0.025070222,-0.0016244682,0.38260427,0.5716853,-0.02882898,iter1_780.599000_275.png
780.698,0.1610926,0.63016903,-0.026868457,-0.005230339,0.35444093,0.5133886,-0.04421326,iter1_780.698000_276.png
780.798,0.19748272,0.6129457,-0.032497685,-0.0012021536,0.5138312,0.4535305,-0.026897814,iter1_780.798000_277.png
780.898,0.2330109,0.59228534,-0.023442352,-0.009462185,0.89755815,0.06191274,-0.023326637,iter1_780.898000_278.png
780.998,0.2903158,0.5488537,-0.006960452,-0.02451438,0.89820373,0.051385064,-0.023990087,iter1_780.998000_279.png
781.098,0.3644823,0.48681378,-0.0072575915,-0.018709453,0.89869726,0.041593466,-0.024579339,iter1_781.098000_280.png
781.198,0.4546607,0.40847778,-0.014824934,-0.003139034,0.89904374,0.032992367,-0.024965854,iter1_781.198000_281.png
781.298,0.5278052,0.34853122,-0.020197025,0.0047089322,0.8992877,0.025064312,-0.025407642,iter1_781.298000_282.png
781.398,0.5897678,0.2930222,-0.025158342,0.00581788,0.8146608,0.052864794,-0.037148837,iter1_781.398000_283.png
781.498,0.6276069,0.25345564,-0.030698499,0.0032213384,0.8995398,0.010018533,-0.0268955,iter1_781.498000_284.png
781.598,0.6602944,0.2184178,-0.02835944,0.001937007,0.8995798,0.004250046,-0.027094115,iter1_781.598000_285.png
781.699,0.686163,0.1922876,-0.024967087,0.0066797463,0.8995787,-0.0011294279,-0.027438391,iter1_781.699000_286.png
781.799,0.71415967,0.1655603,-0.025549276,-0.0044978564,0.89952236,-0.0068805763,-0.028425382,iter1_781.799000_287.png
781.911,0.7389215,0.14325757,-0.028449908,-0.0039279065,0.89941144,-0.013979318,-0.029374026,iter1_781.911000_288.png
782.015,0.7621179,0.11998981,-0.029445373,-0.000791623,0.8993306,-0.017971028,-0.029678795,iter1_782.015000_289.png
782.098,0.77909416,0.10316816,-0.030657709,0.0059754965,0.89927536,-0.019895203,-0.030093772,iter1_782.098000_290.png
782.198,0.7951351,0.084607236,-0.03211985,0.0009184668,0.8991338,-0.023997275,-0.03130631,iter1_782.198000_291.png
782.299,0.80697006,0.07303014,-0.033457343,0.0006749306,0.8990026,-0.027521702,-0.03217867,iter1_782.299000_292.png
782.398,0.81998867,0.059443112,-0.035041533,-0.0050747157,0.89888823,-0.030471964,-0.0327124,iter1_782.398000_293.png
782.499,0.82900435,0.050431028,-0.034709502,0.004381951,0.89876246,-0.033317838,-0.03338045,iter1_782.499000_294.png
782.599,0.8372143,0.043607928,-0.035162475,0.00094367756,0.8985839,-0.036600467,-0.034721363,iter1_782.599000_295.png
782.697,0.8424926,0.035054177,-0.03615864,-0.0014536865,0.96656626,0.014192417,-0.048911832,iter1_782.697000_296.png
782.798,0.8510342,0.02643303,-0.040941667,0.0066528697,0.8982897,-0.04194319,-0.036268536,iter1_782.798000_297.png
782.898,0.85915494,0.020473411,-0.03764607,0.0017266473,0.8706431,0.026276065,-0.022688549,iter1_782.898000_298.png
783.0,0.8661586,0.021327049,-0.03363221,-0.001339406,0.89794064,-0.04726036,-0.038306594,iter1_783.000000_299.png
783.1,0.8661834,0.01928026,-0.040133208,0.0017627837,0.90831834,-0.056093164,-0.054435145,iter1_783.100000_300.png
783.199,0.8674578,0.012547627,-0.04895258,0.003559685,0.89758617,-0.05229259,-0.040043972,iter1_783.199000_301.png
783.3,0.8698117,0.00630042,-0.045596182,-0.0027233409,0.89741975,-0.054637015,-0.04063413,iter1_783.300000_302.png
783.399,0.87438184,-0.0024663177,-0.0467494,-0.0033832765,0.8971851,-0.05736128,-0.04203703,iter1_783.399000_303.png
783.5,0.8751479,-0.010785841,-0.043845072,0.00022204849,0.89698505,-0.059713893,-0.04302397,iter1_783.500000_304.png
783.599,0.87802446,-0.017297795,-0.04907909,0.0032689346,0.89682573,-0.061642427,-0.04362261,iter1_783.599000_305.png
783.699,0.8798407,-0.0234402,-0.050753266,-0.0006744306,0.89664954,-0.06363864,-0.04436473,iter1_783.699000_306.png
783.8,0.881865,-0.025085995,-0.049762756,-0.0031340872,0.8963758,-0.066285916,-0.045990054,iter1_783.800000_307.png
783.9,0.88516146,-0.027631706,-0.04842892,-0.0064510573,0.88588274,-0.06019147,-0.047692075,iter1_783.900000_308.png
784.0,0.8850306,-0.03156169,-0.050455105,-0.0032626847,0.84443665,-0.025828289,-0.050552633,iter1_784.000000_309.png
784.101,0.8825775,-0.031405497,-0.052357443,0.002588664,0.7872346,0.02562763,-0.05326316,iter1_784.101000_310.png
784.201,0.8755848,-0.025578864,-0.05651177,0.0032117947,0.71556175,0.088336825,-0.05600651,iter1_784.201000_311.png
784.311,0.86080146,-0.014935537,-0.061245553,0.003130247,0.68500984,0.1104442,-0.056920875,iter1_784.311000_312.png
784.419,0.828833,0.008172728,-0.0624355,0.000679294,0.67314553,0.0923326,-0.056691516,iter1_784.419000_313.png
784.498,0.8143314,0.020122822,-0.06358909,-0.001182074,0.654985,0.08957166,-0.057534024,iter1_784.498000_314.png
784.599,0.7890637,0.03628776,-0.06312575,-0.0031020574,0.59557366,0.08425116,-0.059960894,iter1_784.599000_315.png
784.699,0.7671987,0.044629056,-0.06360783,0.0038332609,0.55648655,0.07663118,-0.06344783,iter1_784.699000_316.png
784.799,0.73987734,0.049562708,-0.06947396,0.0040013273,0.5220767,0.061362445,-0.065253586,iter1_784.799000_317.png
784.898,0.7143622,0.053724695,-0.07332287,0.002592617,0.49469212,0.035994582,-0.0666563,iter1_784.898000_318.png
784.997,0.6850838,0.054206446,-0.07448593,-0.002955802,0.4767803,-0.0016265945,-0.06902604,iter1_784.997000_319.png
785.099,0.655997,0.050144646,-0.07584952,0.0022998971,0.43728474,-0.042200755,-0.07081305,iter1_785.099000_320.png
785.199,0.6267112,0.04083701,-0.07420717,-0.0024736854,0.8888584,-0.12700875,-0.061592195,iter1_785.199000_321.png
785.299,0.62226623,0.026788127,-0.060736172,-0.0068882825,0.8878547,-0.13364576,-0.062012002,iter1_785.299000_322.png
785.398,0.6475104,0.0055465167,-0.058255725,-0.002316653,0.8865226,-0.14114603,-0.06439758,iter1_785.398000_323.png
785.499,0.6898828,-0.015342105,-0.063653596,-7.692742e-05,0.885281,-0.14788175,-0.06635714,iter1_785.499000_324.png
785.6,0.73425335,-0.0382792,-0.07008021,-0.0024395452,0.8841956,-0.15377106,-0.067435645,iter1_785.600000_325.png
785.698,0.76278234,-0.05440444,-0.07090958,0.0021902183,0.88305235,-0.15963705,-0.06875793,iter1_785.698000_326.png
785.798,0.7823168,-0.0685484,-0.07238683,-0.0032981266,0.88152575,-0.16651316,-0.07195627,iter1_785.798000_327.png
785.898,0.7913956,-0.082792535,-0.07061109,-0.0015108195,0.3480078,-0.5385684,-0.055553116,iter1_785.898000_328.png
785.998,0.7828219,-0.11062393,-0.0574771,-0.0041900626,0.87889004,-0.1781707,-0.07617749,iter1_785.998000_329.png
786.098,0.7645923,-0.13711543,-0.062150035,0.015461132,0.8776224,-0.18312383,-0.07897301,iter1_786.098000_330.png
786.198,0.7544031,-0.15849672,-0.073143505,0.018648794,0.9413864,-0.1114564,-0.0750263,iter1_786.198000_331.png
786.3,0.767118,-0.16112696,-0.080146745,0.021519767,0.87489784,-0.19218437,-0.08727092,iter1_786.300000_332.png
786.4,0.796059,-0.15589754,-0.08960935,0.0033659935,0.8740846,-0.19495825,-0.08924646,iter1_786.400000_333.png
786.498,0.8183449,-0.15226415,-0.095190495,0.0030370676,0.87302935,-0.19855452,-0.0915912,iter1_786.498000_334.png
786.598,0.83043396,-0.15505153,-0.100441806,-0.0031069503,0.8711699,-0.20417406,-0.09678205,iter1_786.598000_335.png
786.702,0.8362649,-0.16041379,-0.103969194,0.0050205463,0.86937475,-0.20979403,-0.10083722,iter1_786.702000_336.png
786.817,0.8394316,-0.16806576,-0.11346332,-0.0026059526,0.89827013,-0.05004683,-0.024611926,iter1_786.817000_337.png
786.898,0.8419143,-0.16966748,-0.09684118,-0.0026377197,0.8982953,-0.049598005,-0.02459723,iter1_786.898000_338.png
786.998,0.84908056,-0.16341326,-0.05143966,0.00927854,0.8983674,-0.04813915,-0.024856094,iter1_786.998000_339.png
787.099,0.8552059,-0.15075499,-0.03830757,0.004677017,0.83133495,-0.032975987,-0.04547301,iter1_787.099000_340.png
787.197,0.86089003,-0.12833317,-0.040215857,0.0036718699,0.8985112,-0.044656124,-0.026127117,iter1_787.197000_341.png
787.297,0.86351955,-0.11149233,-0.03262541,-0.00025574438,0.89267236,-0.044516128,-0.027069347,iter1_787.297000_342.png
787.398,0.8642659,-0.097081974,-0.033206172,-0.0042255567,0.8448754,-0.05499688,-0.030288342,iter1_787.398000_343.png
787.498,0.86430544,-0.087386325,-0.03712078,-0.002192912,0.7986152,-0.06743306,-0.033352,iter1_787.498000_344.png
787.597,0.8608764,-0.08279007,-0.040503316,-0.0026983973,0.74112654,-0.08502387,-0.035612848,iter1_787.597000_345.png
787.698,0.85178816,-0.07588819,-0.039805785,-0.0004886567,0.676701,-0.10771709,-0.036930762,iter1_787.698000_346.png
787.798,0.8326189,-0.07329433,-0.04199317,-0.002671331,0.6056516,-0.13638976,-0.038732246,iter1_787.798000_347.png
787.898,0.80432844,-0.076943025,-0.044699308,-0.0008667633,0.53396136,-0.1690682,-0.04006972,iter1_787.898000_348.png
787.998,0.7707159,-0.08550258,-0.047956496,-0.0034188118,0.4624074,-0.16822246,-0.026360558,iter1_787.998000_349.png
788.099,0.7326171,-0.09300651,-0.042167783,-0.0042669806,0.37866953,-0.24222519,-0.042634044,iter1_788.099000_350.png
788.198,0.6856545,-0.108027205,-0.044046678,0.0021906872,0.32092148,-0.26813808,-0.044995252,iter1_788.198000_351.png
788.297,0.6380181,-0.123139516,-0.050706875,-0.0032805335,0.2537394,-0.3021177,-0.046220325,iter1_788.297000_352.png
788.398,0.58318514,-0.14549875,-0.053796705,0.0013572751,0.20444253,-0.32500112,-0.048925836,iter1_788.398000_353.png
788.497,0.53396124,-0.16675107,-0.055565536,0.007041427,0.17937018,-0.33618265,-0.049099483,iter1_788.497000_354.png
788.598,0.48167655,-0.18722571,-0.058795746,-0.0077505764,0.13120747,-0.36733606,-0.053252395,iter1_788.598000_355.png
788.698,0.43411744,-0.20845205,-0.06178699,0.0073902714,0.12347132,-0.36952153,-0.05414349,iter1_788.698000_356.png
788.799,0.38978413,-0.22970542,-0.063554496,0.00035557867,0.0982623,-0.3913279,-0.055230975,iter1_788.799000_357.png
788.899,0.35109904,-0.25017628,-0.062087905,-0.0022478576,0.10666337,-0.38497773,-0.055681676,iter1_788.899000_358.png
788.998,0.31485713,-0.26844946,-0.066148214,-5.439282e-05,0.09437789,-0.4011402,-0.058626514,iter1_788.998000_359.png
789.098,0.28325742,-0.28508136,-0.06706394,0.0024596856,0.11457602,-0.3892081,-0.054915108,iter1_789.098000_360.png
789.198,0.26081955,-0.30130658,-0.069216795,-0.0029407744,0.12141782,-0.3911272,-0.059530437,iter1_789.198000_361.png
789.298,0.23983924,-0.3128455,-0.06858927,0.0028564946,0.13846654,-0.38864696,-0.056352492,iter1_789.298000_362.png
789.398,0.22393794,-0.3223276,-0.0686735,-0.003615663,0.1748194,-0.36265254,-0.060342956,iter1_789.398000_363.png
789.497,0.21894132,-0.32745093,-0.0691169,-0.0019143048,0.18783909,-0.3598623,-0.06148902,iter1_789.497000_364.png
789.598,0.21798101,-0.33013737,-0.07107126,-0.00023763836,0.22542265,-0.33775097,-0.052564226,iter1_789.598000_365.png
789.73,0.22277664,-0.33260906,-0.06603496,0.010629912,0.26721507,-0.30046925,-0.060161155,iter1_789.730000_366.png
789.817,0.22654276,-0.32954434,-0.065017715,-0.0037905606,0.2889189,-0.28699318,-0.062160067,iter1_789.817000_367.png
789.898,0.2366297,-0.32487062,-0.06707824,0.0006571283,0.30466202,-0.27716783,-0.061197307,iter1_789.898000_368.png
789.998,0.24917668,-0.3151659,-0.06797807,0.0016655908,0.38192803,-0.22441114,-0.04819485,iter1_789.998000_369.png
790.099,0.26381266,-0.30514178,-0.060898613,0.0011729314,0.4225439,-0.19289981,-0.058604103,iter1_790.099000_370.png
790.198,0.28459737,-0.29057175,-0.060823858,0.000713002,0.456716,-0.165804,-0.060701948,iter1_790.198000_371.png
790.298,0.3114039,-0.27249974,-0.05649548,0.0033066242,0.63626057,-0.027355283,0.034279305,iter1_790.298000_372.png
790.398,0.3523459,-0.24282834,-0.009705969,0.0050209095,0.884196,0.15801941,-0.056634165,iter1_790.398000_373.png
790.498,0.3983297,-0.2058039,-0.020585474,0.011023773,0.8818752,0.16965203,-0.059136603,iter1_790.498000_374.png
790.598,0.46359083,-0.15556903,-0.04566122,0.013977582,0.87939215,0.18049784,-0.063817985,iter1_790.598000_375.png
790.698,0.5302632,-0.10356228,-0.06026972,0.00697897,0.87710637,0.19026448,-0.06688517,iter1_790.698000_376.png
790.798,0.59531873,-0.051303342,-0.07091172,-0.0017017582,0.8933639,0.1574009,-0.07259697,iter1_790.798000_377.png
790.898,0.63776094,-0.012850695,-0.07576107,-0.008038206,0.886482,0.25718462,-0.08099279,iter1_790.898000_378.png
790.999,0.67373556,0.02015773,-0.08350025,-0.0018278486,0.8723533,0.18874538,-0.08781457,iter1_790.999000_379.png
791.099,0.69899845,0.048369315,-0.09287645,-0.00358068,0.8688793,0.22147833,-0.07739627,iter1_791.099000_380.png
791.198,0.72838515,0.078696795,-0.09405597,-0.0017492285,0.86715895,0.22760269,-0.078910224,iter1_791.198000_381.png
791.299,0.74388605,0.099719346,-0.09186166,-0.001978861,0.86553246,0.23300256,-0.08097759,iter1_791.299000_382.png
791.398,0.7589956,0.12047142,-0.09276823,0.002543306,0.86201245,0.237251,-0.08566445,iter1_791.398000_383.png
791.498,0.77174485,0.13616098,-0.099217415,0.0009157493,0.83111525,0.24380217,-0.08777659,iter1_791.498000_384.png
791.598,0.7822555,0.15311679,-0.10181368,0.0017970846,0.7737927,0.2625001,-0.08798432,iter1_791.598000_385.png
791.698,0.7820323,0.16656554,-0.10162799,0.0025601168,0.70963013,0.2885823,-0.088611454,iter1_791.698000_386.png
791.799,0.774124,0.18056187,-0.101868704,-0.0019956564,0.6354669,0.32567027,-0.091386706,iter1_791.799000_387.png
791.898,0.7592904,0.19442107,-0.10652385,0.0074740457,0.56631434,0.35648555,-0.09197338,iter1_791.898000_388.png
792.0,0.7364549,0.21651724,-0.109832756,0.0041535376,0.5016675,0.38233942,-0.0906555,iter1_792.000000_389.png
792.122,0.6934118,0.24512924,-0.106929414,-0.004939512,0.42995417,0.39682385,-0.09097815,iter1_792.122000_390.png
792.208,0.6688548,0.25915506,-0.10745796,0.006167731,0.40299702,0.40503758,-0.09217016,iter1_792.208000_391.png
792.297,0.6314875,0.2792797,-0.109079584,-0.0014399778,0.36504704,0.40689057,-0.09277577,iter1_792.297000_392.png
792.399,0.59279335,0.2984985,-0.110530354,0.0008820786,0.5690239,0.16357072,-0.092292234,iter1_792.399000_393.png
792.499,0.56486565,0.3036067,-0.104498215,-0.0066948496,0.4918615,0.24287567,-0.08950465,iter1_792.499000_394.png
792.598,0.5485062,0.29351577,-0.10458206,-0.0020524685,0.5181933,0.13788249,-0.09469457,iter1_792.598000_395.png
792.698,0.5445532,0.27573764,-0.108216494,-0.0057345782,0.49393195,0.12514795,-0.0959183,iter1_792.698000_396.png
792.798,0.5408122,0.25222963,-0.11363919,-0.0034026846,0.3222513,0.27617574,-0.09930157,iter1_792.798000_397.png
792.898,0.53112906,0.23737453,-0.11335561,-0.00030444618,0.35015184,0.20890917,-0.098257035,iter1_792.898000_398.png
792.997,0.5091493,0.22923008,-0.11600297,-0.0007511643,0.35099846,0.16050279,-0.08526348,iter1_792.997000_399.png
793.098,0.48345798,0.22607625,-0.11024272,-0.002718281,0.4012451,0.077685386,-0.09887101,iter1_793.098000_400.png
793.198,0.4606976,0.21709095,-0.110348605,-0.0037143445,0.37995136,0.06662391,-0.09810199,iter1_793.198000_401.png
793.298,0.44413862,0.20239979,-0.11066543,-0.00067155017,0.3595288,0.055935904,-0.0981151,iter1_793.298000_402.png
793.398,0.4332094,0.17979153,-0.1143694,-0.003998168,0.34006843,0.045807514,-0.10137977,iter1_793.398000_403.png
793.498,0.42520046,0.15759645,-0.11983006,-0.008726313,0.3208694,0.03677304,-0.10266751,iter1_793.498000_404.png
793.597,0.4158031,0.13694969,-0.12180567,0.00028796378,0.30182484,0.02892925,-0.101852626,iter1_793.597000_405.png
793.698,0.39974454,0.12195062,-0.12158132,0.0001871168,0.28365922,0.021797158,-0.101529896,iter1_793.698000_406.png
793.798,0.38346422,0.10488664,-0.12180329,0.0029196155,0.26749516,0.01490303,-0.1044173,iter1_793.798000_407.png
793.9,0.36744282,0.08951817,-0.12598722,0.003163076,0.25161046,0.008974445,-0.10540875,iter1_793.900000_408.png
793.999,0.349846,0.07276574,-0.12769079,-0.00089511083,0.23597512,0.004070195,-0.10440243,iter1_793.999000_409.png
794.1,0.33152717,0.062060494,-0.10688993,0.0044502304,0.0,0.0,0.0,iter1_794.100000_410.png
794.201,0.30482218,0.052655544,-0.039672557,-0.004786297,0.0,0.0,0.0,iter1_794.201000_411.png
794.302,0.26810166,0.04416117,-0.012528365,-0.0029778641,0.0,0.0,0.0,iter1_794.302000_412.png
794.401,0.22845973,0.037805878,-0.002354158,0.002197487,0.0,0.0,0.0,iter1_794.401000_413.png
794.499,0.19844112,0.034551684,0.003510462,0.00221989,0.0,0.0,0.0,iter1_794.499000_414.png
794.6,0.17407987,0.03221643,0.0058720903,0.0020522845,0.0,0.0,0.0,iter1_794.600000_415.png
794.701,0.15627797,0.028534206,0.0062345527,0.009764491,0.0,0.0,0.0,iter1_794.701000_416.png
794.8,0.13767874,0.024091382,0.0064344746,0.00081543805,0.0,0.0,0.0,iter1_794.800000_417.png
794.901,0.11658964,0.022427432,0.001294317,0.0020287521,0.0,0.0,0.0,iter1_794.901000_418.png
795.0,0.096525274,0.018142309,0.00023102791,-0.0013437285,0.0,0.0,0.0,iter1_795.000000_419.png
795.114,0.08306051,0.01394683,-0.00024408489,0.0043722186,0.0,0.0,0.0,iter1_795.114000_420.png
795.221,0.06832457,0.010667556,0.0001572778,0.0005143697,0.0,0.0,0.0,iter1_795.221000_421.png
795.299,0.059223764,0.009096681,0.00118095,0.0027989177,0.0,0.0,0.0,iter1_795.299000_422.png
795.398,0.04687117,0.0050046607,0.0013974572,0.0018555822,0.0,0.0,0.0,iter1_795.398000_423.png
795.499,0.038457923,0.0033265124,0.0019574007,0.0013390601,0.0,0.0,0.0,iter1_795.499000_424.png
795.598,0.028810808,0.0034068318,0.00097472063,-0.00063627586,0.0,0.0,0.0,iter1_795.598000_425.png
795.699,0.023576438,0.0019403817,0.0006366315,-0.0031088307,0.0,0.0,0.0,iter1_795.699000_426.png
795.799,0.018251149,0.0012014719,-0.0018739261,0.00021525822,0.0,0.0,0.0,iter1_795.799000_427.png
795.898,0.014566116,0.0016727176,-0.0015143006,0.0050186752,0.0,0.0,0.0,iter1_795.898000_428.png
795.998,0.010264431,0.0003664809,-0.00040723386,0.0009095638,0.0,0.0,0.0,iter1_795.998000_429.png
796.098,0.010516778,-0.0009067874,-0.0021798844,0.0058555473,0.0,0.0,0.0,iter1_796.098000_430.png
796.198,0.011084624,-0.002919203,-0.001539051,0.0032373196,0.0,0.0,0.0,iter1_796.198000_431.png
796.297,0.009447707,-0.003702857,-0.0012128564,0.0062734704,0.0,0.0,0.0,iter1_796.297000_432.png
796.398,0.006409659,-0.004333383,-0.0014431237,-0.0062015397,0.0,0.0,0.0,iter1_796.398000_433.png
796.499,0.01156751,-0.0016234204,-0.0026953286,0.0030281623,0.0,0.0,0.0,iter1_796.499000_434.png
796.599,0.014501069,-0.0010555024,-2.8020266e-05,-0.001561227,0.0,0.0,0.0,iter1_796.599000_435.png
796.698,0.012584712,-0.0025804145,-0.0010862108,-0.0039051769,0.0,0.0,0.0,iter1_796.698000_436.png
796.797,0.009049925,-0.003894464,-0.0011953898,-0.0017272561,0.0,0.0,0.0,iter1_796.797000_437.png
796.898,0.012443096,-0.0034855246,-0.0007489608,0.0043446356,0.0,0.0,0.0,iter1_796.898000_438.png
796.998,0.013200361,9.3123046e-05,-0.001001653,-0.0012058126,0.0,0.0,0.0,iter1_796.998000_439.png
797.097,0.009858861,0.0010195649,-0.0007777247,-0.00071024604,0.0,0.0,0.0,iter1_797.097000_440.png
797.199,0.0026114562,0.0010753525,0.00071634294,-0.005742777,0.0,0.0,0.0,iter1_797.199000_441.png
797.299,0.009195637,0.0035308255,-0.0014474877,0.0018811938,0.0,0.0,0.0,iter1_797.299000_442.png
797.399,0.014280116,0.00399655,-0.0021890071,0.0018649908,0.0,0.0,0.0,iter1_797.399000_443.png
797.499,0.01242493,0.0033415766,-0.00060406746,-0.0006198426,0.0,0.0,0.0,iter1_797.499000_444.png
797.598,0.0069761816,0.0022377549,-0.0012485168,-0.005654238,0.0,0.0,0.0034495355,iter1_797.598000_445.png
797.698,0.014127677,0.004915312,0.0014733963,0.0022776588,0.0,0.0,0.006294608,iter1_797.698000_446.png
797.798,0.017802367,0.0057801497,0.0054514487,-0.0018191984,0.0,0.0,0.008949494,iter1_797.798000_447.png
797.898,0.0153175555,0.004304323,0.009437548,0.004737247,0.0,0.0,0.010752296,iter1_797.898000_448.png
797.998,0.009537395,0.0043991883,0.007121676,0.003961642,0.0,0.0,0.0,iter1_797.998000_449.png
798.121,0.019260585,-0.017811991,0.11572661,-0.0023797613,-0.22261474,-0.84738976,0.25100055,iter1_798.121000_450.png
798.215,0.013969921,-0.05480134,0.20237751,-0.0080259545,-0.25076064,-0.83591723,0.24328856,iter1_798.215000_451.png
798.298,-0.010743119,-0.14693435,0.25066411,-0.014790778,-0.25145397,-0.74236786,0.19576587,iter1_798.298000_452.png
798.399,-0.051435973,-0.25883466,0.22723098,-0.006244728,-0.32597497,-0.69172835,0.14456008,iter1_798.399000_453.png
798.498,-0.07571204,-0.33525237,0.18211225,-0.0015724695,-0.38620475,-0.6564288,0.09944837,iter1_798.498000_454.png
798.598,-0.10896742,-0.39084223,0.13114716,-0.008201852,-0.46352327,-0.61740494,0.06557075,iter1_798.598000_455.png
798.698,-0.1484313,-0.4243556,0.09015404,-0.008067278,-0.5310432,-0.5824391,0.040857878,iter1_798.698000_456.png
798.799,-0.20122555,-0.45117545,0.05643007,-0.0072626234,-0.5914108,-0.54962367,0.022872223,iter1_798.799000_457.png
798.898,-0.23728809,-0.46181142,0.032668244,-0.0019529638,-0.74491996,-0.57756233,0.014669385,iter1_798.898000_458.png
798.999,-0.28691027,-0.47025836,0.020229649,-0.0020305691,-0.7117182,-0.49600333,-0.0035936914,iter1_798.999000_459.png
799.098,-0.34353408,-0.47402802,0.0064233295,-0.007539277,-0.7597433,-0.48279092,-0.008547485,iter1_799.098000_460.png
799.198,-0.41314617,-0.4792105,-0.007050737,-0.0040543843,-0.79413944,-0.47170648,-0.009390539,iter1_799.198000_461.png
799.298,-0.45533046,-0.47695506,-0.010327068,-0.0032901885,-0.82480425,-0.47441584,-0.008688484,iter1_799.298000_462.png
799.399,-0.49735728,-0.47287458,-0.012883834,0.0026888947,-0.8673454,-0.47273093,-0.014640284,iter1_799.399000_463.png
799.498,-0.5424519,-0.4702764,-0.016220715,-0.00025373677,-0.9002701,-0.48117897,-0.014328232,iter1_799.498000_464.png
799.599,-0.5947368,-0.4701527,-0.01842014,-0.0021115437,-0.9026831,-0.5053222,-0.017526653,iter1_799.599000_465.png
799.698,-0.62148887,-0.47072375,-0.019072128,0.009694976,-0.9131796,-0.52009815,-0.017637044,iter1_799.698000_466.png
799.799,-0.65397435,-0.47236964,-0.022002172,0.00080030126,-0.91409487,-0.5481677,-0.02409181,iter1_799.799000_467.png
799.898,-0.6857235,-0.4801398,-0.02623586,0.004296537,-0.9108677,-0.5701953,-0.024958575,iter1_799.898000_468.png
799.998,-0.72329,-0.49033523,-0.032130104,7.835906e-05,-0.8785895,-0.6049045,-0.030231481,iter1_799.998000_469.png
800.098,-0.73782784,-0.4994776,-0.03149289,0.0022636983,-0.8516242,-0.63656783,-0.028770845,iter1_800.098000_470.png
800.198,-0.7485697,-0.5124107,-0.032889795,-0.00096934143,-0.8251061,-0.6589862,-0.037689902,iter1_800.198000_471.png
800.298,-0.7564905,-0.5287944,-0.036886662,0.0030319747,-0.77573216,-0.7003136,-0.03675155,iter1_800.298000_472.png
800.398,-0.76359755,-0.550852,-0.039287664,-0.0017006735,-0.7214758,-0.72860664,-0.03906017,iter1_800.398000_473.png
